year,B_trades,B_win_rate,B_netR,B_avgR,B_net_dollars,B_PF,B_maxDD_R,B_avg_win_R,B_avg_loss_R,C_trades,C_win_rate,C_netR,C_avgR,C_net_dollars,C_PF,C_maxDD_R,C_avg_win_R,C_avg_loss_R
2008,224,41.964285714285715,25.046386853468924,0.11181422702441483,4105.0,1.1071661662968282,-13.905106051508298,1.5614866568048713,-0.9364104529706844,102,33.33333333333333,-11.298411502488685,-0.11076874022047731,-2920.0,0.6132450331125828,-15.472614767929803,0.6627762211145244,-0.49754122088797803
2009,214,36.44859813084112,-33.42567729091277,-0.1561947536958541,-8915.0,0.6908271198196636,-49.7416226087079,1.118813680964216,-0.8940232918971973,90,24.444444444444443,-29.13511355439906,-0.32372348393776734,-3370.0,0.2585258525852585,-31.18082784011334,0.3781507965272256,-0.5508004570293827
2010,216,42.129629629629626,-14.581357776043234,-0.06750628600020016,-3505.0,0.8592934564431955,-25.40409200657614,1.078651761695687,-0.9091828071802479,92,36.95652173913043,-6.6817924828983655,-0.07262817916193876,-730.0,0.8181818181818182,-10.783237369328807,0.667520927985953,-0.5245982863289421
2011,225,42.22222222222222,-1.9800237937616494,-0.008800105750051775,-625.0,0.9804167319442268,-21.350697909716878,1.3118824406466216,-0.9891316848061773,104,37.5,-8.874713189899918,-0.0853337806721146,-690.0,0.8736263736263736,-14.732538686711145,0.709080296779947,-0.5891749155535136
2012,220,40.909090909090914,-3.330441346715408,-0.015138369757797308,280.0,1.0102451518477864,-20.947923399064734,1.284687027718659,-0.9221106499332924,99,34.34343434343434,-5.847974619213533,-0.05907045069912659,-795.0,0.8518173345759553,-13.057918963311776,0.9472593099281736,-0.5946061118245537
2013,212,38.20754716981132,-6.6866910883788835,-0.0315409956999004,-2475.0,0.9057142857142857,-24.671170648143832,1.3112966061323192,-0.861845161718296,106,31.132075471698112,-16.07398437779401,-0.15164136205466047,-2015.0,0.6233644859813084,-21.132547318406814,0.7066593299379825,-0.5793197392021683
2014,216,41.2037037037037,-7.090805283949716,-0.03282780224050794,-2725.0,0.9296229338842975,-24.995249810516704,1.2028254076945002,-0.8987580044784271,99,35.35353535353536,-11.429331526406745,-0.11544779319602773,-1800.0,0.7603195739014648,-11.572188669263888,0.7017743118432788,-0.5900234826380574
2015,200,41.0,-13.901998656276255,-0.06950999328138127,-8215.0,0.8397229538581602,-23.093909759022385,1.1937707787027412,-0.9473830721178055,106,30.18867924528302,-16.909247309747155,-0.15952120103535053,-3425.0,0.6638861629048086,-18.05863349105385,0.7128411431891192,-0.5367589715107969
2016,216,39.81481481481482,-2.1596564254347843,-0.009998409377012891,-2690.0,0.9411442949349087,-25.64702518310655,1.279046316589866,-0.8627510742474096,95,41.05263157894737,-3.0195020439820324,-0.03178423204191613,-1050.0,0.8539638386648123,-11.173092956925663,0.7863135241724035,-0.6124678088491959
2017,211,41.23222748815166,-1.5674226828199447,-0.007428543520473671,-2175.0,0.943849231960759,-15.317556338313562,1.1828340647055342,-0.8425321476790436,109,33.02752293577982,3.707368261601946,0.034012552858733454,45.0,1.0054911531421598,-9.5793517688982,1.1894103406817342,-0.5432139444852845
2018,212,40.56603773584906,17.503974590284955,0.08256591787870261,4305.0,1.0441946412072682,-11.1909310867715,1.5015912873398776,-0.8859752073090832,87,42.5287356321839,1.4165015675760928,0.016281627213518307,2500.0,1.1686340640809443,-9.127315025856296,0.8071629839325274,-0.592677684123488
2019,212,41.9811320754717,0.1939660081688528,0.0009149340007964755,1960.0,1.0280943166344156,-12.328325839355163,1.1651428617236013,-0.841493891749851,104,32.69230769230769,-16.63889901461929,-0.15998941360210855,-3920.0,0.7185929648241206,-17.39464341959692,0.5461552078092511,-0.5102634214512151
2020,212,44.339622641509436,1.1273135876260785,0.0053175169227645215,-17970.0,0.8966796032772747,-18.34265049073354,1.1307882454530402,-0.891243910889489,103,31.06796116504854,-7.206029817024788,-0.06996145453422124,-11485.0,0.6348171701112878,-16.860968761653623,0.9146362308655217,-0.5137237916157955
2021,227,52.863436123348016,20.461026303193137,0.0901366797497495,24405.0,1.1526743822333438,-10.6208366902917,0.9692266517300714,-0.8957586159291163,115,39.130434782608695,-6.129616294059205,-0.05330101125268874,-295.0,0.9915966386554622,-15.677352448921805,0.7399714613539056,-0.5714251022461588
2022,227,45.81497797356828,22.470246419273856,0.09898786968843108,48835.0,1.1802029520295203,-11.888571821405023,1.2653084202931355,-0.8871693438309937,112,47.32142857142857,12.052843706373928,0.10761467594976722,12865.0,1.2777717802007988,-6.081887639087077,0.8186222634906087,-0.5310870552309888
2023,212,43.39622641509434,20.92147094658509,0.09868618371030702,36055.0,1.2301627832748165,-9.457184339024822,1.3887692280663355,-0.890377483629315,106,42.45283018867924,12.849727794059318,0.12122384711376714,16205.0,1.7273339317773788,-8.159977864350923,0.8380031571261768,-0.407547775026535
2024,233,43.34763948497854,28.020818673726133,0.12026102435075593,43760.0,1.2177060272132534,-15.614508476729345,1.4157805017545317,-0.8776565801792485,118,36.440677966101696,-7.138613361394861,-0.06049672340165137,-8170.0,0.8172872637817288,-14.954612346192528,0.7100731086698371,-0.5022900937893047
2025,219,46.118721461187214,7.7597203226193265,0.035432512888672725,36055.0,1.1562750579719567,-16.463463200171915,1.0483175759305214,-0.8386355115073792,102,35.294117647058826,-12.852686255612335,-0.12600672799619936,-15285.0,0.7044949250845819,-17.114242906558093,0.636062978488416,-0.5416811133514441
2026,114,46.49122807017544,8.085252046104614,0.07092326356232118,-5185.0,0.9699742305353679,-7.629999918650389,1.0786041207597494,-0.8180127725693684,57,43.859649122807014,-4.31508518447407,-0.07570324885042228,-7960.0,0.7430600387346675,-8.716057936348355,0.3821674584181489,-0.4334147389039935
